Player,Span,Mat,Inns,Overs,Mdns,Runs,Wkts,Ave,Econ,SR,4,5,Ct,St,rating,res
Abu Jayed,2019-2019,2,2,18,0,114,5,22.8,6.33,21.6,0,1,0,0,59.54385965,1
Al-Amin Hossain,2014-2020,15,15,110.3,7,608,22,27.63,5.5,30.1,2,0,1,0,42.09964749,1
Mashrafe Mortaza,2001-2020,218,218,1804.3,122,8785,269,32.65,4.86,40.2,7,1,61,0,41.63034672,1
Mohammad Saifuddin,2017-2020,22,22,165.3,7,972,31,31.35,5.87,32,1,0,3,0,45.66514934,1
Mustafizur Rahman,2015-2020,58,57,480.5,22,2512,109,23.04,5.22,26.4,3,5,12,0,46.0716335,1
Rubel Hossain,2009-2019,101,99,756.4,28,4300,126,34.12,5.68,36,7,1,20,0,44.77339048,1
Shafiul Islam,2010-2020,60,60,423.2,26,2529,70,36.12,5.97,36.2,4,0,8,0,43.40578226,1
