Player,Span,Mat,Inns,Overs,Mdns,Runs,Wkts,Ave,Econ,SR,4,5,Ct,St,rating,res
Afif Hossain,2020-2020,1,1,2,0,12,1,12,6,12,0,0,0,0,13.08333333,0
Mahmudullah,2007-2020,188,136,688.4,14,3561,76,46.85,5.17,54.3,0,0,64,0,26.78432639,0
Mehidy Hasan Miraz,2017-2020,41,40,349.1,10,1625,40,40.62,4.65,52.3,1,0,13,0,41.67826047,1
Mosaddek Hossain,2016-2019,35,33,150.2,1,787,14,56.21,5.23,64.4,0,0,13,0,24.29717413,0
Sabbir Rahman,2014-2019,66,21,51,0,345,3,115,6.76,102,0,0,37,0,16.58012422,0
Shakib Al Hasan,2006-2019,206,203,1752.5,83,7857,260,30.21,4.48,40.4,8,2,50,0,37.0656741,1
Soumya Sarkar,2014-2019,55,14,54,0,318,9,35.33,5.88,36,0,0,33,0,23.38544474,0
Taijul Islam,2014-2020,9,9,85,7,337,12,28.08,3.96,42.5,1,0,1,0,38.89573903,1
